{"train BCE": 11.615715980529785, "test BCE": 11.967212677001953, "lr": 1.6777216000000015e-08, "epoch": 75, "_timestamp": 1685129133.6636572, "_runtime": 5.50015115737915, "_step": 74, "_wandb": {"runtime": 5}}