{"fold 1 train loss": 0.987135954385992, "fold 1 test loss": 1.1138561650563978, "epoch": 150, "_timestamp": 1680647105.0178497, "_runtime": 1132.254353761673, "_step": 1499, "fold 2 train loss": 1.008181126126589, "fold 2 test loss": 0.9243896869606756, "fold 3 train loss": 1.001395013271234, "fold 3 test loss": 0.8662226678069527, "fold 4 train loss": 1.001526573393498, "fold 4 test loss": 0.9843377769816322, "fold 5 train loss": 1.0010514371070636, "fold 5 test loss": 0.9885992491833087, "fold 6 train loss": 0.996780372634677, "fold 6 test loss": 1.0270511664817554, "fold 7 train loss": 1.0000022739374452, "fold 7 test loss": 0.9980028622719428, "fold 8 train loss": 0.9304685514986372, "fold 8 test loss": 1.0995266561113166, "fold 9 train loss": 0.9846863285209326, "fold 9 test loss": 1.1359058243189102, "fold 10 train loss": 1.013973418901867, "fold 10 test loss": 0.8722211885170118, "_wandb": {"runtime": 1131}}