{"train_loss": 39.60041809082031, "test_loss": 21.892105102539062, "train_acc": 0.0, "test_acc": 0.0, "_timestamp": 1676446688.819649, "_runtime": 9.8941810131073, "_step": 12}