{"fold 1 train loss": 0.9854780838444075, "fold 1 test loss": 1.1138388825967702, "fold 1 lr": 0.00064, "epoch": 46, "_timestamp": 1680672575.0963688, "_runtime": 38.79443168640137, "_step": 45}