{"train_loss": 36.125515446066856, "test_loss": 0.5933731636032462, "train_acc": 0.0, "test_acc": 0.0, "_timestamp": 1677745891.7710414, "_runtime": 115.11166143417358, "_step": 63}