{"fold 1 train loss": 0.22420850265785747, "fold 1 test loss": 0.2112503161188614, "fold 1 lr": 0.0003486784401, "epoch": 75, "_timestamp": 1683849033.3379588, "_runtime": 14.652460813522339, "_step": 74}