{"fold 1 train loss": 0.22387208650091114, "fold 1 test loss": 0.21086502936660412, "fold 1 lr": 0.00034916864804687486, "epoch": 75, "_timestamp": 1683840620.6976523, "_runtime": 12.922016382217407, "_step": 74}