{"train_loss": NaN, "test_loss": NaN, "train_acc": 0.0, "test_acc": 0.0, "_timestamp": 1676403433.0066109, "_runtime": 29.4186007976532, "_step": 3}