{"fold 1 train loss": 0.7407660798944978, "fold 1 test loss": 1.201637514253575, "epoch": 150, "_timestamp": 1680630754.611611, "_runtime": 198.74317693710327, "_step": 1499, "fold 2 train loss": 0.7533226966565308, "fold 2 test loss": 0.984500691491001, "fold 3 train loss": 0.7703263847958015, "fold 3 test loss": 0.9611857529739891, "fold 4 train loss": 0.7942871532486165, "fold 4 test loss": 1.0421219046628452, "fold 5 train loss": 0.7364685148213638, "fold 5 test loss": 1.077788673415927, "fold 6 train loss": 0.7190551848769998, "fold 6 test loss": 1.1008605981108235, "fold 7 train loss": 0.7334141062666077, "fold 7 test loss": 1.071708724343565, "fold 8 train loss": 0.7653785383536735, "fold 8 test loss": 1.1305630547337278, "fold 9 train loss": 0.7703333295345202, "fold 9 test loss": 1.2054956584381165, "fold 10 train loss": 0.7471776509081196, "fold 10 test loss": 0.9903673281095907, "_wandb": {"runtime": 198}}