{"pre clip layer 1": 11.22829368082624, "_timestamp": 1678233580.3581316, "_runtime": 73.66077756881714, "_step": 341, "post clip layer 1": 9.692624130422923, "pre clip layer 2": 10.094766003005633, "post clip layer 2": 8.729591945786318, "pre clip layer 3": 6.481375830418887, "post clip layer 3": 5.960541607559973, "pre clip layer 4": 0.20820556498880877, "post clip layer 4": 0.19992354857273806, "fold 1 train loss": 0.5517028665319409, "fold 1 test loss": 0.7042704962088693, "epoch": 38}