{"train_loss": 39.92017364501953, "test_loss": 22.319543838500977, "train_acc": 0.0, "test_acc": 0.0, "_timestamp": 1676446660.5026932, "_runtime": 10.461006164550781, "_step": 21}