{"train_loss": 0.361332029286551, "test_loss": 1.2219895799784226, "train_acc": 0.0, "test_acc": 0.0, "_timestamp": 1678130709.9536119, "_runtime": 767.598052740097, "_step": 503}