{"train_loss": 0.12452290207147598, "test_loss": 3109347393536.0, "train_acc": 0.0, "test_acc": 0.0, "_timestamp": 1676447090.67239, "_runtime": 10.177139043807983, "_step": 7}