{"NR.AhR train BCE": 11.621846199035645, "NR.AhR test BCE": 11.967212677001953, "NR.AhR train RF BCE": 0.23693875133278047, "NR.AhR test RF BCE": 9.672131147540984, "NR.AhR train LR BCE": 6.5039687240848245, "NR.AhR test LR BCE": 12.78688524590164, "epoch": 75, "_timestamp": 1685582163.7945035, "_runtime": 15.24883246421814, "_step": 899, "NR.AR train BCE": 3.9672672748565674, "NR.AR test BCE": 2.047781467437744, "NR.AR train RF BCE": 0.145017609281127, "NR.AR test RF BCE": 1.8771331058020477, "NR.AR train LR BCE": 1.8645121193287757, "NR.AR test LR BCE": 2.3890784982935154, "NR.AR.LBD train BCE": 3.4623184204101562, "NR.AR.LBD test BCE": 1.3745704889297485, "NR.AR.LBD train RF BCE": 0.03389064618165386, "NR.AR.LBD test RF BCE": 1.7182130584192439, "NR.AR.LBD train LR BCE": 1.174875734297334, "NR.AR.LBD test LR BCE": 2.577319587628866, "NR.Aromatase train BCE": 5.0806450843811035, "NR.Aromatase test BCE": 7.386363983154297, "NR.Aromatase train RF BCE": 0.12096774193548387, "NR.Aromatase test RF BCE": 7.196969696969697, "NR.Aromatase train LR BCE": 3.172043010752688, "NR.Aromatase test LR BCE": 7.575757575757576, "NR.ER train BCE": 12.0660400390625, "NR.ER test BCE": 9.807522773742676, "NR.ER train RF BCE": 0.33911077618688773, "NR.ER test RF BCE": 8.13953488372093, "NR.ER train LR BCE": 8.314493845767394, "NR.ER test LR BCE": 12.015503875968992, "NR.ER.LBD train BCE": 5.044247627258301, "NR.ER.LBD test BCE": 3.3333334922790527, "NR.ER.LBD train RF BCE": 0.15486725663716813, "NR.ER.LBD test RF BCE": 3.1666666666666665, "NR.ER.LBD train LR BCE": 2.7101769911504423, "NR.ER.LBD test LR BCE": 4.5, "NR.PPAR.gamma train BCE": 2.8044018745422363, "NR.PPAR.gamma test BCE": 5.123967170715332, "NR.PPAR.gamma train RF BCE": 0.04733167672464797, "NR.PPAR.gamma test RF BCE": 5.12396694214876, "NR.PPAR.gamma train LR BCE": 1.739439119630813, "NR.PPAR.gamma test LR BCE": 6.2809917355371905, "SR.ARE train BCE": 15.474189758300781, "SR.ARE test BCE": 16.756757736206055, "SR.ARE train RF BCE": 0.18916362653695445, "SR.ARE test RF BCE": 14.594594594594595, "SR.ARE train LR BCE": 10.174300770166194, "SR.ARE test LR BCE": 19.45945945945946, "SR.ATAD5 train BCE": 3.876962423324585, "SR.ATAD5 test BCE": 6.1093244552612305, "SR.ATAD5 train RF BCE": 0.07476236249065471, "SR.ATAD5 test RF BCE": 5.787781350482315, "SR.ATAD5 train LR BCE": 2.7021253871622344, "SR.ATAD5 test LR BCE": 6.270096463022508, "SR.HSE train BCE": 5.199093818664551, "SR.HSE test BCE": 3.6065573692321777, "SR.HSE train RF BCE": 0.13068789354877033, "SR.HSE test RF BCE": 3.6065573770491803, "SR.HSE train LR BCE": 3.2671973387192588, "SR.HSE test LR BCE": 5.245901639344262, "SR.MMP train BCE": 15.612595558166504, "SR.MMP test BCE": 11.049723625183105, "SR.MMP train RF BCE": 0.21169621593014024, "SR.MMP test RF BCE": 9.94475138121547, "SR.MMP train LR BCE": 7.396136544059275, "SR.MMP test LR BCE": 10.681399631675875, "SR.p53 train BCE": 6.346175193786621, "SR.p53 test BCE": 6.655844211578369, "SR.p53 train RF BCE": 0.056160844659103676, "SR.p53 test RF BCE": 6.6558441558441555, "SR.p53 train LR BCE": 4.144670335841851, "SR.p53 test LR BCE": 8.603896103896103, "_wandb": {"runtime": 14}}