{"fold 1 train loss": 0.9848354883839785, "fold 1 test loss": 1.1123693197577662, "lr": 0.001, "epoch": 21, "_timestamp": 1680671190.8623872, "_runtime": 19.267507076263428, "_step": 20}