{"train_loss": NaN, "test_loss": NaN, "train_acc": 0.0, "test_acc": 0.0, "_timestamp": 1676403575.7112825, "_runtime": 77.94991159439087, "_step": 43}