{"train_loss": 0.13400597870349884, "test_loss": 3434302668800.0, "train_acc": 0.0, "test_acc": 0.0, "_timestamp": 1676447589.9687831, "_runtime": 11.477014064788818, "_step": 0}