{"train BCE": 11.617547988891602, "test BCE": 11.967212677001953, "lr": 1.6777216000000015e-08, "epoch": 75, "_timestamp": 1685129218.6623218, "_runtime": 5.965203762054443, "_step": 74, "_wandb": {"runtime": 5}}