{"fold 1 train loss": 0.46041313537557527, "fold 1 test loss": 1.2617479409362673, "epoch": 150, "_timestamp": 1680042504.4056535, "_runtime": 250.7871425151825, "_step": 1499, "fold 2 train loss": 0.44615421961463125, "fold 2 test loss": 1.0711203791450936, "fold 3 train loss": 0.504885826403442, "fold 3 test loss": 1.0037322215544873, "fold 4 train loss": 0.4979252711121983, "fold 4 test loss": 1.117420276288215, "fold 5 train loss": 0.49864401846373, "fold 5 test loss": 1.128362139037845, "fold 6 train loss": 0.4612435762604783, "fold 6 test loss": 1.1838148633968195, "fold 7 train loss": 0.4605596823507355, "fold 7 test loss": 1.1309726716592703, "fold 8 train loss": 0.4416881040112899, "fold 8 test loss": 1.2306235072269478, "fold 9 train loss": 0.4202185691283404, "fold 9 test loss": 1.3008580844736193, "fold 10 train loss": 0.4592707196364611, "fold 10 test loss": 1.0525086099297338, "_wandb": {"runtime": 250}}