{"train_loss": 0.5336320890346542, "test_loss": 0.5278176730731502, "train_acc": 0.0, "test_acc": 0.0, "_timestamp": 1677896647.335324, "_runtime": 155.27295994758606, "_step": 56}