{"fold 1 train loss": 0.9939498443738249, "fold 1 test loss": 1.0164061448596702, "fold 1 lr": 2.6214400000000015e-07, "epoch": 75, "_timestamp": 1684312268.8715456, "_runtime": 6.938751459121704, "_step": 74}