{"train_loss": 0.5208647785830361, "test_loss": 5.397257170162491e-261, "train_acc": 2.498356344510191, "test_acc": 22.485207100591715, "_timestamp": 1676687565.2596846, "_runtime": 143.23770260810852, "_step": 96}