{"fold 1 train loss": 0.06083247565188587, "fold 1 test loss": 1.4475442408574875, "fold 1 lr": 8.589934592000007e-05, "epoch": 75, "_timestamp": 1680718721.6349385, "_runtime": 110.68647336959839, "_step": 749, "fold 2 train loss": 0.061524821234303244, "fold 2 test loss": 1.3687814340083557, "fold 2 lr": 6.871947673600006e-05, "fold 3 train loss": 0.05882330510847772, "fold 3 test loss": 3.420227968716292, "fold 3 lr": 6.871947673600006e-05, "fold 4 train loss": 0.07242191118706012, "fold 4 test loss": 1.6002512448403021, "fold 4 lr": 8.589934592000007e-05, "fold 5 train loss": 0.07188127273638573, "fold 5 test loss": 1.5909509903345354, "fold 5 lr": 8.589934592000007e-05, "fold 6 train loss": 0.051835699142031365, "fold 6 test loss": 1.2769205067049587, "fold 6 lr": 6.871947673600006e-05, "fold 7 train loss": 0.07124575111078583, "fold 7 test loss": 1.3474995991182046, "fold 7 lr": 6.871947673600006e-05, "fold 8 train loss": 0.053634876682913515, "fold 8 test loss": 1.4531492048936954, "fold 8 lr": 6.871947673600006e-05, "fold 9 train loss": 0.05715738783900528, "fold 9 test loss": 1.6561034915480153, "fold 9 lr": 6.871947673600006e-05, "fold 10 train loss": 0.06382193314305476, "fold 10 test loss": 1.4841165561412684, "fold 10 lr": 6.871947673600006e-05, "_wandb": {"runtime": 110}}