{"fold 1 train loss": 0.8336455153833741, "fold 1 test loss": 1.151482521072177, "epoch": 150, "_timestamp": 1680630372.731582, "_runtime": 208.48961186408997, "_step": 1499, "fold 2 train loss": 0.862195258674563, "fold 2 test loss": 0.9573525573610083, "fold 3 train loss": 0.895283647479129, "fold 3 test loss": 0.9456835744884122, "fold 4 train loss": 0.8369610305441698, "fold 4 test loss": 1.0136491270648422, "fold 5 train loss": 0.8323931977060733, "fold 5 test loss": 1.0283907617572732, "fold 6 train loss": 0.8258029626248151, "fold 6 test loss": 1.057007173015286, "fold 7 train loss": 0.8622786661650094, "fold 7 test loss": 1.0284945720845662, "fold 8 train loss": 0.8493179808848003, "fold 8 test loss": 1.107657598311144, "fold 9 train loss": 0.852978071003349, "fold 9 test loss": 1.1754067758413462, "fold 10 train loss": 0.8606561352865439, "fold 10 test loss": 0.910614560219428, "_wandb": {"runtime": 207}}