{"train BCE": 11.57651424407959, "test BCE": 11.967212677001953, "lr": 1.6777216000000015e-08, "epoch": 75, "_timestamp": 1685129185.201124, "_runtime": 6.171505928039551, "_step": 74, "_wandb": {"runtime": 5}}