{"train_loss": 0.6506944862550519, "test_loss": 1.36547525196626e-44, "train_acc": 2.1477098400175323, "test_acc": 19.32938856015779, "_timestamp": 1676687853.837727, "_runtime": 34.46836709976196, "_step": 16}