{"pre clip layer 1": 1.8950451550252325, "_timestamp": 1678241828.430418, "_runtime": 25.86136507987976, "_step": 26, "post clip layer 1": 1.8950451550252325, "pre clip layer 2": 0.5649477583800648, "post clip layer 2": 0.5649477583800648, "pre clip layer 3": 1.3607224654714456, "post clip layer 3": 1.3607224654714456, "pre clip layer 4": 0.057798052149251974, "post clip layer 4": 0.057798052149251974, "fold 1 train loss": 0.7165513511463468, "fold 1 test loss": 0.33769480371576066, "epoch": 3}