{"train_loss": 0.7026875122553773, "test_loss": 0.16709484113380313, "train_acc": 0.0, "test_acc": 0.0, "_timestamp": 1677883120.820625, "_runtime": 35.4471640586853, "_step": 1}