{"fold 1 train loss": 0.5005550843154603, "fold 1 test loss": 1.3255910418207593, "epoch": 150, "_timestamp": 1680028381.5920012, "_runtime": 242.28689908981323, "_step": 1499, "fold 2 train loss": 0.5243634815705128, "fold 2 test loss": 1.1203764195790187, "fold 3 train loss": 0.5252441114650963, "fold 3 test loss": 1.0642069908006657, "fold 4 train loss": 0.5367189787313548, "fold 4 test loss": 1.1872591338449212, "fold 5 train loss": 0.5195164399791804, "fold 5 test loss": 1.2099081318571252, "fold 6 train loss": 0.510885689004116, "fold 6 test loss": 1.2115147408931213, "fold 7 train loss": 0.5107307693912825, "fold 7 test loss": 1.182183532112919, "fold 8 train loss": 0.517215070287674, "fold 8 test loss": 1.2578394565920858, "fold 9 train loss": 0.5087610291316533, "fold 9 test loss": 1.340013540896203, "fold 10 train loss": 0.5091490546198705, "fold 10 test loss": 1.10834606524285, "_wandb": {"runtime": 240}}