{"train_loss": 0.03800448402762413, "test_loss": 1.4405197904216064e+16, "train_acc": 2.2222222222222223, "test_acc": 20.0, "_timestamp": 1676446910.5839634, "_runtime": 38.00563335418701, "_step": 1499, "_wandb": {"runtime": 37}}