{"fold 1 train loss": 1.0, "fold 1 test loss": NaN, "fold 1 lr": 1.6777216000000015e-08, "epoch": 75, "_timestamp": 1684428888.967205, "_runtime": 10.645854949951172, "_step": 74}