{"train_loss": 0.47354586080203265, "test_loss": 0.5195717885208553, "train_acc": 1.4683322375630068, "test_acc": 13.214990138067062, "_timestamp": 1676688281.4233205, "_runtime": 177.56445741653442, "_step": 106}