{"train BCE": 11.621846199035645, "test BCE": 11.967212677001953, "lr": 0.001, "epoch": 75, "_timestamp": 1685561297.44583, "_runtime": 9.296517133712769, "_step": 74, "_wandb": {"runtime": 7}}