{"fold 1 train loss": 0.5669075531534216, "fold 1 test loss": 1.3331315104166668, "epoch": 150, "_timestamp": 1680631732.348621, "_runtime": 236.59468579292297, "_step": 1499, "fold 2 train loss": 0.5497398915187377, "fold 2 test loss": 1.130195495485084, "fold 3 train loss": 0.5785863928760375, "fold 3 test loss": 1.1102548115446254, "fold 4 train loss": 0.5732129821175419, "fold 4 test loss": 1.1891313120223126, "fold 5 train loss": 0.5657661863682747, "fold 5 test loss": 1.1895434811082348, "fold 6 train loss": 0.5863344702217993, "fold 6 test loss": 1.1847091981786242, "fold 7 train loss": 0.5837237341498535, "fold 7 test loss": 1.1623834288708086, "fold 8 train loss": 0.5631138223936075, "fold 8 test loss": 1.2421673620099851, "fold 9 train loss": 0.5656861092598585, "fold 9 test loss": 1.3390496717825444, "fold 10 train loss": 0.5675412081606211, "fold 10 test loss": 1.102078556459566, "_wandb": {"runtime": 236}}