{"train_loss": 0.12064908444881439, "test_loss": 395286249472.0, "train_acc": 0.0, "test_acc": 0.0, "_timestamp": 1676447363.0782332, "_runtime": 12.973700284957886, "_step": 14}