{"fold 1 train loss": 0.22363902086066204, "fold 1 test loss": 0.21170636891067107, "fold 1 lr": 0.000387420489, "epoch": 75, "_timestamp": 1683840662.4050953, "_runtime": 13.363927364349365, "_step": 74}