{"fold 1 train loss": 0.22318450168451462, "fold 1 test loss": 0.2107882774506051, "fold 1 lr": 0.0003486784401, "epoch": 75, "_timestamp": 1683947356.0089016, "_runtime": 240.49897050857544, "_step": 749, "fold 2 train loss": 0.22652505215346533, "fold 2 test loss": 0.18932686599622686, "fold 2 lr": 0.00031381059609000004, "fold 3 train loss": 0.2215562880278485, "fold 3 test loss": 0.23397997198354942, "fold 3 lr": 0.000387420489, "fold 4 train loss": 0.2198006437246072, "fold 4 test loss": 0.24825569905005232, "fold 4 lr": 0.000387420489, "fold 5 train loss": 0.2197895405413211, "fold 5 test loss": 0.2491123887890168, "fold 5 lr": 0.0003486784401, "fold 6 train loss": 0.22153834425497174, "fold 6 test loss": 0.2248649443486124, "fold 6 lr": 0.0003486784401, "fold 7 train loss": 0.22726039582217247, "fold 7 test loss": 0.1799484151520266, "fold 7 lr": 0.00031381059609000004, "fold 8 train loss": 0.2192177665277556, "fold 8 test loss": 0.2537265557219468, "fold 8 lr": 0.000387420489, "fold 9 train loss": 0.22285148659442477, "fold 9 test loss": 0.22058299851930313, "fold 9 lr": 0.0003486784401, "fold 10 train loss": 0.22340898838362053, "fold 10 test loss": 0.21684491986536564, "fold 10 lr": 0.0003486784401, "_wandb": {"runtime": 239}}