{"fold 1 train loss": 0.5569315078930978, "fold 1 test loss": 1.1233277631229197, "fold 1 lr": 1.0000000000000004e-08, "epoch": 75, "_timestamp": 1680717840.910917, "_runtime": 99.30947494506836, "_step": 749, "fold 2 train loss": 0.5562306049229047, "fold 2 test loss": 1.0588499667376456, "fold 2 lr": 1.0000000000000004e-08, "fold 3 train loss": 0.5483007677652165, "fold 3 test loss": 1.3671683061287483, "fold 3 lr": 1.0000000000000004e-08, "fold 4 train loss": 0.5554835440530972, "fold 4 test loss": 1.3731230034160427, "fold 4 lr": 1.0000000000000004e-08, "fold 5 train loss": 0.43443260353802327, "fold 5 test loss": 1.2779080844254653, "fold 5 lr": 1.0000000000000004e-08, "fold 6 train loss": 0.6082209029689891, "fold 6 test loss": 1.0397356323001417, "fold 6 lr": 1.0000000000000004e-08, "fold 7 train loss": 0.41545389222649404, "fold 7 test loss": 1.1619573514137043, "fold 7 lr": 1.0000000000000004e-08, "fold 8 train loss": 0.6278513319628714, "fold 8 test loss": 1.1292304315510586, "fold 8 lr": 1.0000000000000004e-08, "fold 9 train loss": 0.49739535095763265, "fold 9 test loss": 1.4171835844803609, "fold 9 lr": 1.0000000000000004e-08, "fold 10 train loss": 0.5829086610943295, "fold 10 test loss": 1.1314733983026688, "fold 10 lr": 1.0000000000000004e-08, "_wandb": {"runtime": 98}}