{"train_loss": 50.60463275387883, "test_loss": 0.2351629906333983, "train_acc": 0.0, "test_acc": 0.0, "_timestamp": 1677882478.454129, "_runtime": 23.02629804611206, "_step": 0}