{"fold 1 train loss": 0.9864437303745822, "fold 1 test loss": 1.1138667252218935, "fold 1 lr": 1.0000000000000004e-08, "epoch": 50, "_timestamp": 1680674207.5426886, "_runtime": 375.0610496997833, "_step": 499, "fold 2 train loss": 1.006091068358947, "fold 2 test loss": 0.9243475714990138, "fold 2 lr": 1.0000000000000004e-08, "fold 3 train loss": 1.011200819280935, "fold 3 test loss": 0.8658907473110824, "fold 3 lr": 1.0000000000000004e-08, "fold 4 train loss": 0.9934666358267245, "fold 4 test loss": 0.9847999876725838, "fold 4 lr": 1.0000000000000004e-08, "fold 5 train loss": 0.9995127988702864, "fold 5 test loss": 0.9894134894677638, "fold 5 lr": 1.0000000000000004e-08, "fold 6 train loss": 0.9941757485053008, "fold 6 test loss": 1.026008979752219, "fold 6 lr": 1.0000000000000004e-08, "fold 7 train loss": 0.9899057011517574, "fold 7 test loss": 1.001537315473989, "fold 7 lr": 1.0000000000000004e-08, "fold 8 train loss": 0.9870576640573636, "fold 8 test loss": 1.0924051463110207, "fold 8 lr": 1.0000000000000004e-08, "fold 9 train loss": 0.9769205718465784, "fold 9 test loss": 1.1372284693971892, "fold 9 lr": 1.0000000000000004e-08, "fold 10 train loss": 1.0139751671584791, "fold 10 test loss": 0.8722257727749014, "fold 10 lr": 1.0000000000000004e-08, "_wandb": {"runtime": 374}}