{"fold 1 train loss": 0.22367470118991684, "fold 1 test loss": 0.21048106088401294, "fold 1 lr": 0.0003486784401, "epoch": 75, "_timestamp": 1683849166.7730882, "_runtime": 112.09839415550232, "_step": 749, "fold 2 train loss": 0.22629300110351866, "fold 2 test loss": 0.18896201146919525, "fold 2 lr": 0.000387420489, "fold 3 train loss": 0.22127490772475655, "fold 3 test loss": 0.23357150147410718, "fold 3 lr": 0.0003486784401, "fold 4 train loss": 0.21956242363313472, "fold 4 test loss": 0.24823787162933583, "fold 4 lr": 0.00031381059609000004, "fold 5 train loss": 0.21893586334914972, "fold 5 test loss": 0.24796082030268718, "fold 5 lr": 0.00043046721, "fold 6 train loss": 0.22243460630438436, "fold 6 test loss": 0.22426024960705046, "fold 6 lr": 0.0003486784401, "fold 7 train loss": 0.2276529327422002, "fold 7 test loss": 0.17874106535248996, "fold 7 lr": 0.000387420489, "fold 8 train loss": 0.21942026675585577, "fold 8 test loss": 0.2545323160893923, "fold 8 lr": 0.0003486784401, "fold 9 train loss": 0.22289679237579457, "fold 9 test loss": 0.2202831771059597, "fold 9 lr": 0.0003486784401, "fold 10 train loss": 0.22321932271789008, "fold 10 test loss": 0.21828590359860658, "fold 10 lr": 0.000387420489, "_wandb": {"runtime": 111}}