{"pre clip grad norm layer 1": 8.442034052411726, "_timestamp": 1678232683.649876, "_runtime": 245.21421718597412, "_step": 1340, "post clip grad norm layer 1": 7.930388383236378, "pre clip grad norm layer 2": 9.690676449012475, "post clip grad norm layer 2": 9.0478136758952, "pre clip grad norm layer 3": 9.110776902472322, "post clip grad norm layer 3": 8.865256343053366, "pre clip grad norm layer 4": 0.3462695153187886, "post clip grad norm layer 4": 0.3346703015813047, "fold 1 train loss": 0.39188420234398413, "fold 1 test loss": 0.9960156663883358, "epoch": 149}