{"fold 1 train loss": 0.22399714733370663, "fold 1 test loss": 0.21112003235666063, "fold 1 lr": 0.00043046721, "epoch": 75, "_timestamp": 1683913619.0381615, "_runtime": 104.96096563339233, "_step": 749, "fold 2 train loss": 0.22655503087655723, "fold 2 test loss": 0.18896915106328654, "fold 2 lr": 0.000387420489, "fold 3 train loss": 0.22141999383860025, "fold 3 test loss": 0.23282245525899883, "fold 3 lr": 0.000387420489, "fold 4 train loss": 0.21933445755336642, "fold 4 test loss": 0.24774150573653939, "fold 4 lr": 0.000387420489, "fold 5 train loss": 0.21961121210751397, "fold 5 test loss": 0.2478313459118751, "fold 5 lr": 0.00028242953648100003, "fold 6 train loss": 0.22273266005403855, "fold 6 test loss": 0.22382944086737733, "fold 6 lr": 0.00031381059609000004, "fold 7 train loss": 0.22708341865980874, "fold 7 test loss": 0.1785038242481624, "fold 7 lr": 0.00031381059609000004, "fold 8 train loss": 0.218708302643957, "fold 8 test loss": 0.25377336737422496, "fold 8 lr": 0.00028242953648100003, "fold 9 train loss": 0.22254124336278333, "fold 9 test loss": 0.22013202910086105, "fold 9 lr": 0.000387420489, "fold 10 train loss": 0.22324449365472201, "fold 10 test loss": 0.21810808342123417, "fold 10 lr": 0.00043046721, "_wandb": {"runtime": 104}}