{"fold 1 train loss": 0.7378858315398655, "fold 1 test loss": 1.179993277705868, "epoch": 150, "_timestamp": 1680213014.55192, "_runtime": 257.14647698402405, "_step": 1499, "fold 2 train loss": 0.7816522830759985, "fold 2 test loss": 0.9684319045087525, "fold 3 train loss": 0.7892114301953639, "fold 3 test loss": 0.9854560469828649, "fold 4 train loss": 0.7258590333743391, "fold 4 test loss": 1.042111821221647, "fold 5 train loss": 0.7754714404692807, "fold 5 test loss": 1.0333734070666913, "fold 6 train loss": 0.7653281195425501, "fold 6 test loss": 1.0678131163708087, "fold 7 train loss": 0.7768198789537619, "fold 7 test loss": 1.0413423015285996, "fold 8 train loss": 0.7793341790775498, "fold 8 test loss": 1.1214950073964498, "fold 9 train loss": 0.7949399223051754, "fold 9 test loss": 1.1865218773113906, "fold 10 train loss": 0.7893291895237509, "fold 10 test loss": 0.9475842983388807, "_wandb": {"runtime": 256}}