{"fold 1 train loss": 0.12631910168076982, "fold 1 test loss": 1.3537281495344475, "epoch": 150, "_timestamp": 1680717630.9365022, "_runtime": 215.75433611869812, "_step": 1499, "fold 2 train loss": 0.08642946782928272, "fold 2 test loss": 1.2557417438815566, "fold 3 train loss": 0.10024311810033039, "fold 3 test loss": 4.175210068682007, "fold 4 train loss": 0.1474958488143329, "fold 4 test loss": 1.5090397340071038, "fold 5 train loss": 0.11643280033058905, "fold 5 test loss": 1.4498028350769885, "fold 6 train loss": 0.11056041414476972, "fold 6 test loss": 1.2547075997678017, "fold 7 train loss": 0.12989922915794544, "fold 7 test loss": 1.3390551760822123, "fold 8 train loss": 0.09035719057564251, "fold 8 test loss": 1.332009535569411, "fold 9 train loss": 0.09845293171698917, "fold 9 test loss": 1.4435390871187168, "fold 10 train loss": 0.13715487207834484, "fold 10 test loss": 1.3142748650244236, "_wandb": {"runtime": 215}}