{"train_loss": NaN, "test_loss": NaN, "train_acc": 0.0, "test_acc": 0.0, "_timestamp": 1676428498.5052269, "_runtime": 95.56016087532043, "_step": 56}