{"fold 1 train loss": 0.9950930940720023, "fold 1 test loss": 1.026713816051067, "fold 1 lr": 1.0485760000000007e-07, "epoch": 75, "_timestamp": 1685036318.0735605, "_runtime": 7.784967422485352, "_step": 74}