{"fold 1 train loss": 0.42269387349888027, "fold 1 test loss": 1.3678396106847879, "epoch": 150, "_timestamp": 1680632383.0092885, "_runtime": 235.91289448738098, "_step": 1499, "fold 2 train loss": 0.4240237072959898, "fold 2 test loss": 1.1304985958302516, "fold 3 train loss": 0.40565926850482137, "fold 3 test loss": 1.1768061013005424, "fold 4 train loss": 0.4148153347439236, "fold 4 test loss": 1.245697394677638, "fold 5 train loss": 0.4333831598506328, "fold 5 test loss": 1.205971246301775, "fold 6 train loss": 0.4227167610805494, "fold 6 test loss": 1.2576449049248029, "fold 7 train loss": 0.4410056222167006, "fold 7 test loss": 1.2010291658962031, "fold 8 train loss": 0.41161270947511747, "fold 8 test loss": 1.3150695343318541, "fold 9 train loss": 0.4107808927242991, "fold 9 test loss": 1.3887973353519478, "fold 10 train loss": 0.44319192839954186, "fold 10 test loss": 1.1493357930380916, "_wandb": {"runtime": 235}}