{"train_loss": 0.6843900051776858, "test_loss": 0.6195359852920028, "train_acc": 0.0, "test_acc": 0.0, "_timestamp": 1678129343.6212873, "_runtime": 206.0919554233551, "_step": 146}