{"fold 1 train loss": 0.22400388830059276, "fold 1 test loss": 0.21092619201921525, "fold 1 lr": 2.6214400000000015e-07, "epoch": 75, "_timestamp": 1683958281.9906058, "_runtime": 110.13083791732788, "_step": 749, "fold 2 train loss": 0.22597376175228948, "fold 2 test loss": 0.18920264605774512, "fold 2 lr": 4.194304000000003e-08, "fold 3 train loss": 0.2209809792204898, "fold 3 test loss": 0.23438931982000277, "fold 3 lr": 4.194304000000003e-08, "fold 4 train loss": 0.21983000739218767, "fold 4 test loss": 0.24850579996667835, "fold 4 lr": 2.6214400000000015e-07, "fold 5 train loss": 0.21925310743087492, "fold 5 test loss": 0.2478450612281021, "fold 5 lr": 1.0485760000000007e-07, "fold 6 train loss": 0.22179583084351234, "fold 6 test loss": 0.22456076417331877, "fold 6 lr": 4.194304000000003e-08, "fold 7 train loss": 0.2270970333102871, "fold 7 test loss": 0.1801799357654623, "fold 7 lr": 4.194304000000003e-08, "fold 8 train loss": 0.21927676254798598, "fold 8 test loss": 0.2527593927336801, "fold 8 lr": 6.553600000000004e-07, "fold 9 train loss": 0.2226298995719574, "fold 9 test loss": 0.21883497101306207, "fold 9 lr": 1.0485760000000007e-07, "fold 10 train loss": 0.2233283775993656, "fold 10 test loss": 0.2187617295460081, "fold 10 lr": 6.553600000000004e-07, "_wandb": {"runtime": 107}}