{"train BCE": 11.621846199035645, "test BCE": 11.967212677001953, "lr": 0.001, "epoch": 75, "_timestamp": 1685560857.7289362, "_runtime": 11.165678262710571, "_step": 74, "_wandb": {"runtime": 9}}