{"fold 1 train loss": 0.9860023339693937, "fold 1 test loss": 1.1138630462586292, "lr": "0.001", "epoch": 26, "_timestamp": 1680671140.530689, "_runtime": 23.134599924087524, "_step": 25}