{"fold 1 train loss": 0.8216267563892827, "fold 1 test loss": 1.1549366775302021, "epoch": 150, "_timestamp": 1680644858.4226174, "_runtime": 204.17838954925537, "_step": 1499, "fold 2 train loss": 0.8651173592491577, "fold 2 test loss": 0.9543594847910503, "fold 3 train loss": 0.9291443521172337, "fold 3 test loss": 0.8952373316537229, "fold 4 train loss": 0.8926721143252281, "fold 4 test loss": 1.00069219404894, "fold 5 train loss": 0.9269761460751733, "fold 5 test loss": 1.0004024323533038, "fold 6 train loss": 0.8759620664163088, "fold 6 test loss": 1.048725494444958, "fold 7 train loss": 0.9478862445939144, "fold 7 test loss": 1.0055800049309664, "fold 8 train loss": 0.8434850782619713, "fold 8 test loss": 1.1107362549309665, "fold 9 train loss": 0.8393607598011519, "fold 9 test loss": 1.1730247000970784, "fold 10 train loss": 0.9419901529947917, "fold 10 test loss": 0.8954358463926898, "_wandb": {"runtime": 203}}