{"fold 1 train loss": 0.8428726812258588, "fold 1 test loss": 1.158257770124507, "epoch": 150, "_timestamp": 1680631211.7588508, "_runtime": 233.06791877746582, "_step": 1499, "fold 2 train loss": 0.8253750894593743, "fold 2 test loss": 0.9718715040218195, "fold 3 train loss": 0.8233753246647628, "fold 3 test loss": 0.950712380192924, "fold 4 train loss": 0.805008657548659, "fold 4 test loss": 1.0403856940335305, "fold 5 train loss": 0.8465631546264621, "fold 5 test loss": 1.0311502634985208, "fold 6 train loss": 0.7924765581126384, "fold 6 test loss": 1.062295846431213, "fold 7 train loss": 0.8461850360148888, "fold 7 test loss": 1.0299195732402613, "fold 8 train loss": 0.8095424340269217, "fold 8 test loss": 1.1480736004530325, "fold 9 train loss": 0.8132473894663085, "fold 9 test loss": 1.210150355954142, "fold 10 train loss": 0.8534071531009444, "fold 10 test loss": 0.9268461172491371, "_wandb": {"runtime": 232}}