{"train_loss": 0.12422212958335876, "test_loss": 2125040189440.0, "train_acc": 0.0, "test_acc": 0.0, "_timestamp": 1676447690.3250904, "_runtime": 69.49428844451904, "_step": 7}