{"fold 1 train loss": 0.4826650848154182, "fold 1 test loss": 1.0017537489289217, "_timestamp": 1678178241.6069765, "_runtime": 2099.442675590515, "_step": 1499, "fold 2 train loss": 0.39437255641478713, "fold 2 test loss": 1.2230878167577277, "fold 3 train loss": 0.4142442551633405, "fold 3 test loss": 0.4794870095924397, "fold 4 train loss": 0.40314224682946637, "fold 4 test loss": 1.1724217182637744, "fold 5 train loss": 0.42001402035952556, "fold 5 test loss": 0.6884400638094124, "fold 6 train loss": 0.4122421848756403, "fold 6 test loss": 0.6991985595522306, "fold 7 train loss": 0.4835382310043501, "fold 7 test loss": 0.5531661420368683, "fold 8 train loss": 0.39689936563279044, "fold 8 test loss": 2.5230073949710503, "fold 9 train loss": 0.453128368880514, "fold 9 test loss": 0.4119194143320615, "fold 10 train loss": 0.4587458382152788, "fold 10 test loss": 0.497110938337868, "_wandb": {"runtime": 2098}}