{"fold 1 train loss": 0.054424623726701205, "fold 1 test loss": 1.40410887889373, "fold 1 lr": 0.00028242953648100003, "epoch": 75, "_timestamp": 1680718559.371593, "_runtime": 109.89657592773438, "_step": 749, "fold 2 train loss": 0.06816813074756081, "fold 2 test loss": 1.3397869132679594, "fold 2 lr": 0.00028242953648100003, "fold 3 train loss": 0.05891912748435859, "fold 3 test loss": 1.7076396754037229, "fold 3 lr": 0.00028242953648100003, "fold 4 train loss": 0.04375977640791522, "fold 4 test loss": 1.6716944075665294, "fold 4 lr": 0.00028242953648100003, "fold 5 train loss": 0.062435519204128216, "fold 5 test loss": 1.441098245173046, "fold 5 lr": 0.00031381059609000004, "fold 6 train loss": 0.04153947217041741, "fold 6 test loss": 1.2977392659384823, "fold 6 lr": 0.00028242953648100003, "fold 7 train loss": 0.06240890717365333, "fold 7 test loss": 1.4176320935612365, "fold 7 lr": 0.00028242953648100003, "fold 8 train loss": 0.05146682978251146, "fold 8 test loss": 1.3780626075037368, "fold 8 lr": 0.00028242953648100003, "fold 9 train loss": 0.04716576904600554, "fold 9 test loss": 1.643941198345237, "fold 9 lr": 0.00028242953648100003, "fold 10 train loss": 0.046235993468602084, "fold 10 test loss": 1.4697365394005408, "fold 10 lr": 0.00028242953648100003, "_wandb": {"runtime": 109}}