{"fold 1 train loss": 0.35163543346705156, "fold 1 test loss": 1.3423994737734222, "epoch": 150, "_timestamp": 1680041171.013056, "_runtime": 231.1252269744873, "_step": 1499, "fold 2 train loss": 0.3795263564866179, "fold 2 test loss": 1.1333465275209567, "fold 3 train loss": 0.39389950777547494, "fold 3 test loss": 1.1246126109467456, "fold 4 train loss": 0.38064851946875683, "fold 4 test loss": 1.196482506625986, "fold 5 train loss": 0.3928484793083463, "fold 5 test loss": 1.21908842609714, "fold 6 train loss": 0.40233758655943525, "fold 6 test loss": 1.2308498790372289, "fold 7 train loss": 0.3953771135312226, "fold 7 test loss": 1.2040498451368342, "fold 8 train loss": 0.3715618182200495, "fold 8 test loss": 1.295224204881657, "fold 9 train loss": 0.3827456090535455, "fold 9 test loss": 1.3440800858296351, "fold 10 train loss": 0.35844986206027935, "fold 10 test loss": 1.1017757161458333, "_wandb": {"runtime": 230}}