{"fold 1 train loss": 0.699749781809014, "fold 1 test loss": 1.1927581341685158, "epoch": 150, "_timestamp": 1680213833.9381406, "_runtime": 244.74734568595886, "_step": 1499, "fold 2 train loss": 0.6751904944278366, "fold 2 test loss": 1.020257960814226, "fold 3 train loss": 0.7128166840448992, "fold 3 test loss": 1.0431687430658283, "fold 4 train loss": 0.6631308662235645, "fold 4 test loss": 1.0828912221092208, "fold 5 train loss": 0.6889828838320801, "fold 5 test loss": 1.0735649539262822, "fold 6 train loss": 0.6913499133335559, "fold 6 test loss": 1.0941157390285996, "fold 7 train loss": 0.696193924435079, "fold 7 test loss": 1.075068446052145, "fold 8 train loss": 0.6860938909841217, "fold 8 test loss": 1.1484903249044625, "fold 9 train loss": 0.6872882755571307, "fold 9 test loss": 1.2403896233974359, "fold 10 train loss": 0.7269213273288544, "fold 10 test loss": 0.9803219092856262, "_wandb": {"runtime": 244}}