{"fold 1 train loss": 0.2239290393522826, "fold 1 test loss": 0.21074880419615089, "fold 1 lr": 0.00043046721, "epoch": 75, "_timestamp": 1683838004.712702, "_runtime": 112.14450693130493, "_step": 749, "fold 2 train loss": 0.22662242925899342, "fold 2 test loss": 0.19004024741823072, "fold 2 lr": 0.00043046721, "fold 3 train loss": 0.22170198251087564, "fold 3 test loss": 0.23455456223146645, "fold 3 lr": 0.00043046721, "fold 4 train loss": 0.2186948835716969, "fold 4 test loss": 0.24859412095945724, "fold 4 lr": 0.000387420489, "fold 5 train loss": 0.21894284495637123, "fold 5 test loss": 0.24827178034435365, "fold 5 lr": 0.0004782969, "fold 6 train loss": 0.22225260792406903, "fold 6 test loss": 0.22473189080953304, "fold 6 lr": 0.0003486784401, "fold 7 train loss": 0.22744413988613804, "fold 7 test loss": 0.18000052948635403, "fold 7 lr": 0.0004782969, "fold 8 train loss": 0.21932777352908503, "fold 8 test loss": 0.2542495119984898, "fold 8 lr": 0.000387420489, "fold 9 train loss": 0.22211037257175434, "fold 9 test loss": 0.22045471453427878, "fold 9 lr": 0.000387420489, "fold 10 train loss": 0.22320570442347637, "fold 10 test loss": 0.21814409459693107, "fold 10 lr": 0.000387420489, "_wandb": {"runtime": 111}}