{"fold 1 train loss": 0.0675456177605732, "fold 1 test loss": 1.3069200534557215, "epoch": 150, "_timestamp": 1680717234.848598, "_runtime": 209.5207359790802, "_step": 1499, "fold 2 train loss": 0.05500825703366138, "fold 2 test loss": 1.2324875976442116, "fold 3 train loss": 0.06891198655165472, "fold 3 test loss": 1.9867739705644416, "fold 4 train loss": 0.05085827961789394, "fold 4 test loss": 1.5228685758993235, "fold 5 train loss": 0.06969695035862133, "fold 5 test loss": 1.4958259838337493, "fold 6 train loss": 0.060717302248610126, "fold 6 test loss": 1.211457713350977, "fold 7 train loss": 0.07809872528505044, "fold 7 test loss": 1.2873510552581244, "fold 8 train loss": 0.05452804397705901, "fold 8 test loss": 1.3139684252014763, "fold 9 train loss": 0.060722164474974694, "fold 9 test loss": 1.5052932047044503, "fold 10 train loss": 0.06706792587725029, "fold 10 test loss": 1.4682212393194496, "_wandb": {"runtime": 209}}