{"fold 1 train loss": 1.1068718507303994, "fold 1 test loss": 1.2250362888313608, "fold 1 lr": 0.1, "epoch": 50, "_timestamp": 1680677493.8160682, "_runtime": 376.07056522369385, "_step": 499, "fold 2 train loss": 1.1041554687285982, "fold 2 test loss": 25.92742636294995, "fold 2 lr": 0.1, "fold 3 train loss": 4.32049995644741, "fold 3 test loss": 5.397576246995192, "fold 3 lr": 0.1, "fold 4 train loss": 11.498841259530206, "fold 4 test loss": 1.0915137970753206, "fold 4 lr": 1.0000000000000005e-08, "fold 5 train loss": 1.1168410471712005, "fold 5 test loss": 1.1055538862179488, "fold 5 lr": 0.1, "fold 6 train loss": 1.0318506538881014, "fold 6 test loss": 58.002184456669134, "fold 6 lr": 0.1, "fold 7 train loss": 1.3609119714406297, "fold 7 test loss": 355.67420084635415, "fold 7 lr": 0.1, "fold 8 train loss": 1.1628416727447677, "fold 8 test loss": 1.6389900379068048, "fold 8 lr": 1.0000000000000005e-08, "fold 9 train loss": 1.098333494916653, "fold 9 test loss": 1.2471340202015533, "fold 9 lr": 0.1, "fold 10 train loss": 1.1439611679970003, "fold 10 test loss": 1.0023522154678255, "fold 10 lr": 0.1, "_wandb": {"runtime": 375}}