{"train BCE": 6.344376564025879, "test BCE": 6.655844211578369, "lr": 4.194304000000003e-08, "epoch": 75, "_timestamp": 1685129400.92764, "_runtime": 14.468313932418823, "_step": 899, "_wandb": {"runtime": 14}}