{"fold 1 train loss": 0.9871364771240823, "fold 1 test loss": 1.1138504877034023, "fold 1 lr": 1e-05, "epoch": 66, "_timestamp": 1680672498.6604872, "_runtime": 53.54368019104004, "_step": 65}