{"train_loss": 0.7318088084769746, "test_loss": 0.2361044343560934, "train_acc": 0.0, "test_acc": 0.0, "_timestamp": 1677883004.7806728, "_runtime": 27.183923721313477, "_step": 0}