{"fold 1 train loss": 0.22359890994875303, "fold 1 test loss": 0.2106400751924869, "fold 1 lr": 2.6214400000000015e-07, "epoch": 75, "_timestamp": 1683958049.627307, "_runtime": 108.61256194114685, "_step": 749, "fold 2 train loss": 0.22631689855638307, "fold 2 test loss": 0.1895160539375065, "fold 2 lr": 2.6214400000000015e-07, "fold 3 train loss": 0.22087875437617135, "fold 3 test loss": 0.23373602103604518, "fold 3 lr": 1.0485760000000007e-07, "fold 4 train loss": 0.21988390609249395, "fold 4 test loss": 0.249456627638686, "fold 4 lr": 1.0485760000000007e-07, "fold 5 train loss": 0.21983281469739888, "fold 5 test loss": 0.2475954980155482, "fold 5 lr": 1.0485760000000007e-07, "fold 6 train loss": 0.22191065549502834, "fold 6 test loss": 0.22441570753736845, "fold 6 lr": 2.6214400000000015e-07, "fold 7 train loss": 0.22757613592221118, "fold 7 test loss": 0.179696632156863, "fold 7 lr": 4.194304000000003e-08, "fold 8 train loss": 0.2188603947577117, "fold 8 test loss": 0.25365868471553793, "fold 8 lr": 1.0485760000000007e-07, "fold 9 train loss": 0.2228120612854348, "fold 9 test loss": 0.22021533281584246, "fold 9 lr": 1.0485760000000007e-07, "fold 10 train loss": 0.22325963449040154, "fold 10 test loss": 0.2189185567822046, "fold 10 lr": 1.638400000000001e-06, "_wandb": {"runtime": 108}}