{"fold 1 train loss": 1.115173478126526, "fold 1 test loss": 1.1138574679692586, "fold 1 lr": 1.6777216000000015e-08, "epoch": 75, "_timestamp": 1684435810.3368452, "_runtime": 37.50942325592041, "_step": 749, "fold 2 train loss": 1.0571392488479614, "fold 2 test loss": 1.0602807998657227, "fold 2 lr": 4.194304000000003e-08, "fold 3 train loss": 1.1176540327072144, "fold 3 test loss": 1.11228342851003, "fold 3 lr": 2.6214400000000015e-07, "fold 4 train loss": 1.094798765182495, "fold 4 test loss": 1.0961767037709553, "fold 4 lr": 4.194304000000003e-08, "fold 5 train loss": 1.1011230754852295, "fold 5 test loss": 1.0978382031122844, "fold 5 lr": 1.0485760000000007e-07, "fold 6 train loss": 1.099196605682373, "fold 6 test loss": 1.121695637702942, "fold 6 lr": 1.0485760000000007e-07, "fold 7 train loss": 1.0899978637695313, "fold 7 test loss": 1.0916035572687786, "fold 7 lr": 1.0485760000000007e-07, "fold 8 train loss": 1.087895770072937, "fold 8 test loss": 1.0876590410868328, "fold 8 lr": 4.194304000000003e-08, "fold 9 train loss": 1.096665349006653, "fold 9 test loss": 1.1053227186203003, "fold 9 lr": 4.194304000000003e-08, "fold 10 train loss": 1.074899764060974, "fold 10 test loss": 1.0776712497075398, "fold 10 lr": 2.6214400000000015e-07, "_wandb": {"runtime": 37}}