{"train_loss": NaN, "test_loss": NaN, "train_acc": 0.0, "test_acc": 0.0, "_timestamp": 1676430850.3916564, "_runtime": 2309.324581384659, "_step": 1499, "_wandb": {"runtime": 2308}}