{"pre clip layer 1": 6.439679415865927, "_timestamp": 1678236412.878134, "_runtime": 247.7812900543213, "_step": 1340, "post clip layer 1": 0.06759491051324681, "pre clip layer 2": 4.66127566563189, "post clip layer 2": 0.07126817521711469, "pre clip layer 3": 3.3334473453609945, "post clip layer 3": 0.08795849707939189, "pre clip layer 4": 0.3648593306904189, "post clip layer 4": 0.0055331494355646705, "fold 1 train loss": 0.523261156716643, "fold 1 test loss": 1.0706510381043577, "epoch": 149}