{"train_loss": 0.4843756193295121, "test_loss": 0.5094614191912115, "train_acc": 0.0, "test_acc": 0.0, "_timestamp": 1677884223.2131326, "_runtime": 1075.1638226509094, "_step": 99}