{"fold 1 train loss": 0.4827558308036448, "fold 1 test loss": 1.289755608974359, "epoch": 150, "_timestamp": 1680042056.134268, "_runtime": 213.3028199672699, "_step": 1499, "fold 2 train loss": 0.5009773244028052, "fold 2 test loss": 1.1082698952940089, "fold 3 train loss": 0.4633192710366501, "fold 3 test loss": 1.1006339855306952, "fold 4 train loss": 0.5175893804553097, "fold 4 test loss": 1.1574267000277367, "fold 5 train loss": 0.4959971136778247, "fold 5 test loss": 1.1397400552422337, "fold 6 train loss": 0.4864495746613385, "fold 6 test loss": 1.2104944642196747, "fold 7 train loss": 0.4961347830674378, "fold 7 test loss": 1.1442150228827663, "fold 8 train loss": 0.47114816264784337, "fold 8 test loss": 1.2623138849081608, "fold 9 train loss": 0.5171826252131616, "fold 9 test loss": 1.295188407220784, "fold 10 train loss": 0.47792500827178186, "fold 10 test loss": 1.0701647636217948, "_wandb": {"runtime": 212}}