{"fold 1 train loss": 0.9844722100232166, "fold 1 test loss": 1.1134521291759123, "fold 1 lr": 1.52587890625e-08, "epoch": 150, "_timestamp": 1680673738.3129122, "_runtime": 1118.1944782733917, "_step": 1499, "fold 2 train loss": 1.0019544246221304, "fold 2 test loss": 0.9253376941568048, "fold 2 lr": 1.52587890625e-08, "fold 3 train loss": 1.012379062910914, "fold 3 test loss": 0.8653399188701923, "fold 3 lr": 1.52587890625e-08, "fold 4 train loss": 0.9911891800652411, "fold 4 test loss": 0.9876182468873275, "fold 4 lr": 1.52587890625e-08, "fold 5 train loss": 1.0010507931814836, "fold 5 test loss": 0.9885981031188363, "fold 5 lr": 1.52587890625e-08, "fold 6 train loss": 0.9967789383151932, "fold 6 test loss": 1.0270498855861687, "fold 6 lr": 1.52587890625e-08, "fold 7 train loss": 0.9900761498846873, "fold 7 test loss": 0.9982713880670612, "fold 7 lr": 1.52587890625e-08, "fold 8 train loss": 0.9835275503305289, "fold 8 test loss": 1.0911953067215237, "fold 8 lr": 1.52587890625e-08, "fold 9 train loss": 0.9799545734178959, "fold 9 test loss": 1.1388989691198226, "fold 9 lr": 1.52587890625e-08, "fold 10 train loss": 1.0052595185951367, "fold 10 test loss": 0.8763552453155818, "fold 10 lr": 1.52587890625e-08, "_wandb": {"runtime": 1117}}