{"fold 1 train loss": 1.0, "fold 1 test loss": 1.0, "fold 1 lr": 1.6777216000000015e-08, "epoch": 75, "_timestamp": 1684429340.5943232, "_runtime": 66.42503523826599, "_step": 749, "fold 2 train loss": 1.0, "fold 2 test loss": 1.0, "fold 2 lr": 1.6777216000000015e-08, "fold 3 train loss": 1.0, "fold 3 test loss": 1.0, "fold 3 lr": 1.6777216000000015e-08, "fold 4 train loss": 1.0, "fold 4 test loss": 1.0, "fold 4 lr": 1.6777216000000015e-08, "fold 5 train loss": 1.0, "fold 5 test loss": 1.0, "fold 5 lr": 1.6777216000000015e-08, "fold 6 train loss": 1.0, "fold 6 test loss": 1.0, "fold 6 lr": 1.6777216000000015e-08, "fold 7 train loss": 1.0, "fold 7 test loss": 1.0, "fold 7 lr": 1.6777216000000015e-08, "fold 8 train loss": 1.0, "fold 8 test loss": 1.0, "fold 8 lr": 1.6777216000000015e-08, "fold 9 train loss": 1.0, "fold 9 test loss": 1.0, "fold 9 lr": 1.6777216000000015e-08, "fold 10 train loss": 1.0, "fold 10 test loss": 1.0, "fold 10 lr": 1.6777216000000015e-08, "_wandb": {"runtime": 65}}