{"fold 1 train loss": 0.2235129952390949, "fold 1 test loss": 0.21047820040178705, "fold 1 lr": 2.6214400000000015e-07, "epoch": 75, "_timestamp": 1683947695.871576, "_runtime": 237.99312710762024, "_step": 749, "fold 2 train loss": 0.22603705072863853, "fold 2 test loss": 0.18992369880398588, "fold 2 lr": 2.6214400000000015e-07, "fold 3 train loss": 0.22124663334947767, "fold 3 test loss": 0.23390491530368385, "fold 3 lr": 4.194304000000003e-08, "fold 4 train loss": 0.21954337115034803, "fold 4 test loss": 0.24858970200653502, "fold 4 lr": 4.194304000000003e-08, "fold 5 train loss": 0.22008251465176037, "fold 5 test loss": 0.2477358035515906, "fold 5 lr": 1.6777216000000015e-08, "fold 6 train loss": 0.22105494435449458, "fold 6 test loss": 0.22405520334664547, "fold 6 lr": 4.194304000000003e-08, "fold 7 train loss": 0.2273496091790321, "fold 7 test loss": 0.1799031787029146, "fold 7 lr": 4.194304000000003e-08, "fold 8 train loss": 0.21912313934524502, "fold 8 test loss": 0.25200670113033014, "fold 8 lr": 1.0485760000000007e-07, "fold 9 train loss": 0.22291939390934407, "fold 9 test loss": 0.22034545915978263, "fold 9 lr": 1.0485760000000007e-07, "fold 10 train loss": 0.22330983516444036, "fold 10 test loss": 0.21869513277131838, "fold 10 lr": 4.194304000000003e-08, "_wandb": {"runtime": 237}}