{"fold 1 train loss": 0.9024520772030655, "fold 1 test loss": 1.0999578517334465, "fold 1 lr": 0.00031381059609000004, "epoch": 75, "_timestamp": 1680806033.7809753, "_runtime": 110.1666533946991, "_step": 749, "fold 2 train loss": 0.9089705314443949, "fold 2 test loss": 1.0830197832758375, "fold 2 lr": 0.00028242953648100003, "fold 3 train loss": 0.9285500004133216, "fold 3 test loss": 3.381121776513094, "fold 3 lr": 0.0003486784401, "fold 4 train loss": 0.876721972570643, "fold 4 test loss": 1.2947435924522506, "fold 4 lr": 0.00028242953648100003, "fold 5 train loss": 0.9086808662991395, "fold 5 test loss": 1.2099974216558995, "fold 5 lr": 0.0003486784401, "fold 6 train loss": 0.9088246046438725, "fold 6 test loss": 1.0024401948767065, "fold 6 lr": 0.00031381059609000004, "fold 7 train loss": 0.9282836362298267, "fold 7 test loss": 1.0219823999047515, "fold 7 lr": 0.00031381059609000004, "fold 8 train loss": 0.8990331730663894, "fold 8 test loss": 1.064734795624923, "fold 8 lr": 0.00031381059609000004, "fold 9 train loss": 0.9135998231184318, "fold 9 test loss": 1.1779510829105415, "fold 9 lr": 0.0003486784401, "fold 10 train loss": 0.9536910250394355, "fold 10 test loss": 0.8818724592761881, "fold 10 lr": 0.00031381059609000004, "_wandb": {"runtime": 108}}