{"train BCE": 10.919538497924805, "test BCE": 11.311833381652832, "lr": 1.6777216000000015e-08, "epoch": 75, "_timestamp": 1685129117.3260503, "_runtime": 5.454049348831177, "_step": 74, "_wandb": {"runtime": 5}}