{"NR.AhR train BCE": 11.621846199035645, "NR.AhR test BCE": 11.967212677001953, "NR.AhR train RF BCE": 0.23693875133278047, "NR.AhR test RF BCE": 9.672131147540984, "NR.AhR train LR BCE": 6.5039687240848245, "NR.AhR test LR BCE": 12.78688524590164, "epoch": 43, "_timestamp": 1685582124.3253076, "_runtime": 12.070270538330078, "_step": 342, "NR.AR train BCE": 3.9672672748565674, "NR.AR test BCE": 2.047781467437744, "NR.AR train RF BCE": 0.145017609281127, "NR.AR test RF BCE": 1.8771331058020477, "NR.AR train LR BCE": 1.8645121193287757, "NR.AR test LR BCE": 2.3890784982935154, "NR.AR.LBD train BCE": 3.4681427478790283, "NR.AR.LBD test BCE": 1.3745704889297485, "NR.AR.LBD train RF BCE": 0.03389064618165386, "NR.AR.LBD test RF BCE": 1.7182130584192439, "NR.AR.LBD train LR BCE": 1.174875734297334, "NR.AR.LBD test LR BCE": 2.577319587628866, "NR.Aromatase train BCE": 5.0806450843811035, "NR.Aromatase test BCE": 7.386363983154297, "NR.Aromatase train RF BCE": 0.12096774193548387, "NR.Aromatase test RF BCE": 7.196969696969697, "NR.Aromatase train LR BCE": 3.172043010752688, "NR.Aromatase test LR BCE": 7.575757575757576, "NR.ER train BCE": 12.099250793457031, "NR.ER test BCE": 9.883721351623535, "NR.ER train RF BCE": 0.33911077618688773, "NR.ER test RF BCE": 8.13953488372093, "NR.ER train LR BCE": 8.314493845767394, "NR.ER test LR BCE": 12.015503875968992}