{"train_loss": 0.5012397409438982, "test_loss": Infinity, "train_acc": 3.2215647600262987, "test_acc": 28.994082840236686, "_timestamp": 1676501890.0984933, "_runtime": 308.55635142326355, "_step": 150}