{"train BCE": 11.618234634399414, "test BCE": 11.967212677001953, "lr": 1.6777216000000015e-08, "epoch": 75, "_timestamp": 1685129008.3086982, "_runtime": 5.8449132442474365, "_step": 74, "_wandb": {"runtime": 5}}