{"train BCE": 11.621846199035645, "test BCE": 11.967212677001953, "lr": 1.6777216000000015e-08, "epoch": 75, "_timestamp": 1685129299.9684153, "_runtime": 8.50543737411499, "_step": 74, "_wandb": {"runtime": 8}}