{"fold 1 train inaccuracy": 0.9960674023429571, "fold 1 test inaccuracy": 0.9926920302100666, "fold 1 lr": 2.6214400000000015e-07, "epoch": 75, "_timestamp": 1684276849.4270139, "_runtime": 39.439701795578, "_step": 749, "fold 2 train inaccuracy": 0.9976998547436502, "fold 2 test inaccuracy": 0.975776910571841, "fold 2 lr": 2.6214400000000015e-07, "fold 3 train inaccuracy": 1.0124298109021599, "fold 3 test inaccuracy": 0.845710484823089, "fold 3 lr": 4.194304000000003e-08, "fold 4 train inaccuracy": 1.0098351144443654, "fold 4 test inaccuracy": 0.9151527574294068, "fold 4 lr": 2.6214400000000015e-07, "fold 5 train inaccuracy": 1.000022640475979, "fold 5 test inaccuracy": 1.01605137829532, "fold 5 lr": 6.553600000000004e-07, "fold 6 train inaccuracy": 1.0115038023366556, "fold 6 test inaccuracy": 0.8748073366957629, "fold 6 lr": 1.0485760000000007e-07, "fold 7 train inaccuracy": 0.9854312169087398, "fold 7 test inaccuracy": 1.1178322260225366, "fold 7 lr": 4.194304000000003e-08, "fold 8 train inaccuracy": 0.9721522266214544, "fold 8 test inaccuracy": 1.1931907087329063, "fold 8 lr": 1.6777216000000015e-08, "fold 9 train inaccuracy": 1.0016819145772364, "fold 9 test inaccuracy": 1.015166320318671, "fold 9 lr": 1.0485760000000007e-07, "fold 10 train inaccuracy": 0.9983965864429226, "fold 10 test inaccuracy": 1.0173094690693498, "fold 10 lr": 1.0485760000000007e-07, "_wandb": {"runtime": 38}}