{"fold 1 train loss": 0.9281029369212963, "fold 1 test loss": 2.3598235927483975, "epoch": 1, "_timestamp": 1679968304.1895473, "_runtime": 211.66579937934875, "_step": 1350, "fold 2 train loss": 0.9492488831489357, "fold 2 test loss": 0.9992602587216469, "fold 3 train loss": 0.9518537073848071, "fold 3 test loss": 2.9978675207254684, "fold 4 train loss": 0.9430372211992178, "fold 4 test loss": 1.0344579018737672, "fold 5 train loss": 0.9450796707424186, "fold 5 test loss": 1.2297568609775642, "fold 6 train loss": 0.9359354957247836, "fold 6 test loss": 1.1669224123982989, "fold 7 train loss": 0.9404175746365124, "fold 7 test loss": 1.028062380578156, "fold 8 train loss": 0.9300173616461552, "fold 8 test loss": 1.143389846831854, "fold 9 train loss": 0.9207382073069047, "fold 9 test loss": 1.1853487503081854, "fold 10 train loss": 1.026004429737152, "fold 10 test loss": 0.8775133675419132}