{"fold 1 train loss": 0.9871495498566938, "fold 1 test loss": 1.1138444877188116, "fold 1 lr": 0.00015625, "epoch": 24, "_timestamp": 1680672265.561149, "_runtime": 357.49679589271545, "_step": 473, "fold 2 train loss": 1.008195652038989, "fold 2 test loss": 0.9243945794039694, "fold 2 lr": 0.00015625, "fold 3 train loss": 1.014760787666249, "fold 3 test loss": 0.8652868050419132, "fold 3 lr": 0.00015625, "fold 4 train loss": 1.0015912637035496, "fold 4 test loss": 0.9842856358635355, "fold 4 lr": 0.01}