{"acc": 0.8935998276357644, "loss": 0.08163702515450813, "_timestamp": 1676399468.0167153, "_runtime": 6.714092254638672, "_step": 7, "_wandb": {"runtime": 4}}