{"pre clip layer 1": 3.50940414285188, "_timestamp": 1678241680.2672505, "_runtime": 92.56325054168701, "_step": 422, "post clip layer 1": 3.50940414285188, "pre clip layer 2": 0.9105698288334887, "post clip layer 2": 0.9105698288334887, "pre clip layer 3": 1.7337771457934124, "post clip layer 3": 1.7337771457934124, "pre clip layer 4": 0.06093049811226694, "post clip layer 4": 0.06093049811226694, "fold 1 train loss": 0.71829836923946, "fold 1 test loss": 0.33914319935664117, "epoch": 47}