{"train_loss": 0.1322510987520218, "test_loss": 1850862206976.0, "train_acc": 0.0, "test_acc": 0.0, "_timestamp": 1676447869.0736864, "_runtime": 88.55453133583069, "_step": 0}