{"train BCE": 6.300793647766113, "test BCE": 6.618123531341553, "lr": 1.6777216000000015e-08, "epoch": 75, "_timestamp": 1685129345.2229953, "_runtime": 14.70094633102417, "_step": 899, "_wandb": {"runtime": 14}}